budget,n,comprehensiveness_mean,comprehensiveness_std,sufficiency_error_mean,sufficiency_error_std,log_odds_mean,log_odds_std
1,1821,0.0,0.0,0.0,0.0,0.0,0.0
5,1821,0.009055123494130698,0.08426132488054382,0.1918668357848687,0.37497859174656845,-0.07344369260209277,0.5966041931819489
10,1821,0.033995234527671066,0.15935868632297434,0.29931584549662904,0.4306818508593179,-0.2211019206195321,0.9848127794822472
20,1821,0.09165855477891986,0.25635851244035723,0.30292252612180776,0.4231739252989774,-0.4902894501865105,1.3800696249710114
50,1821,0.2749294003963722,0.40566096709036387,0.18199075598070832,0.34677419441217505,-0.858524892480435,1.4978953951346021
