bucket,faithfulness_error_mean,faithfulness_error_std,interaction_strength_mean,interaction_strength_std,n
high,0.06809294765496866,0.22582847901745232,0.49194237333300506,0.21604567548301792,607
low,0.13155873909996949,0.19099017045223668,0.0022124284934630957,0.002524191088340187,607
medium,0.08357713833852203,0.18964155916244563,0.055082337434706884,0.04960439232781331,607
