{
  "pearson": -0.09276301365514311,
  "spearman": -0.13837691276398645
}