{
  "examples": [
    {
      "id": "mock-0",
      "recall@1": 1.0,
      "recall@3": 0.6666666666666666,
      "recall@5": 0.4
    },
    {
      "id": "mock-1",
      "recall@1": 1.0,
      "recall@3": 0.3333333333333333,
      "recall@5": 0.4
    }
  ]
}