bin,mean_interaction_strength,mean_faithfulness_error,n
0,0.0,-0.016666666666666677,1
1,0.06,-0.05999999999999999,1
