bin,mean_interaction_strength,mean_faithfulness_error,n
0,0.0003814313001248426,0.16730144281525908,364
1,0.006954993820670761,0.08771178305947343,364
2,0.041073256141536826,0.0747716263987303,364
3,0.24087800501057724,0.07853061517516483,364
4,0.6224718012543392,0.06359967038089559,364
