{
  "pearson": -0.9999999999999998,
  "spearman": -0.9999999999999998
}